timestamp,Open,High,Low,Close,Volume
2026-04-19 08:00:00+00:00,2316.68,2331.85,2307.09,2330.3,4458.50691316
2026-04-19 12:00:00+00:00,2330.52,2350.5,2311.63,2330.58,6172.37618679
2026-04-19 16:00:00+00:00,2331.32,2332.36,2287.55,2301.0,3883.04285578
2026-04-19 20:00:00+00:00,2301.0,2301.0,2253.84,2263.67,3142.14235133
2026-04-20 00:00:00+00:00,2263.48,2294.63,2261.09,2287.08,1917.80605219
2026-04-20 04:00:00+00:00,2287.08,2332.61,2264.43,2298.8,2799.23503041
2026-04-20 08:00:00+00:00,2299.34,2320.19,2290.41,2309.65,1128.39653611
2026-04-20 12:00:00+00:00,2309.15,2326.82,2279.95,2314.49,3251.92185653
2026-04-20 16:00:00+00:00,2314.9,2344.99,2299.62,2333.1,3369.74753358
2026-04-20 20:00:00+00:00,2332.92,2347.25,2308.51,2315.0,3638.24515781
2026-04-21 00:00:00+00:00,2315.01,2327.08,2299.87,2312.45,1617.41463837
2026-04-21 04:00:00+00:00,2312.23,2327.47,2305.41,2319.38,1273.71599284
2026-04-21 08:00:00+00:00,2318.98,2339.44,2314.37,2322.0,2720.56712477
2026-04-21 12:00:00+00:00,2321.08,2328.27,2291.4,2310.85,3096.83911513
2026-04-21 16:00:00+00:00,2310.85,2331.29,2285.23,2298.75,9872.67166585
2026-04-21 20:00:00+00:00,2298.76,2330.0,2296.65,2328.11,3791.52762419
2026-04-22 00:00:00+00:00,2327.76,2379.62,2313.75,2364.36,4042.58880757
2026-04-22 04:00:00+00:00,2364.36,2414.99,2358.6,2390.01,5560.17248406
2026-04-22 08:00:00+00:00,2390.15,2401.14,2383.24,2399.88,1326.69159696
2026-04-22 12:00:00+00:00,2399.37,2424.05,2391.76,2404.55,6268.73329702
2026-04-22 16:00:00+00:00,2404.78,2414.0,2384.47,2398.33,8408.55992082
2026-04-22 20:00:00+00:00,2398.17,2407.15,2374.38,2374.95,3202.14661774
2026-04-23 00:00:00+00:00,2374.96,2382.24,2333.13,2342.61,3829.38506891
2026-04-23 04:00:00+00:00,2341.01,2359.0,2337.86,2344.88,1636.14470914
2026-04-23 08:00:00+00:00,2344.88,2345.1,2306.73,2330.22,3997.65963826
2026-04-23 12:00:00+00:00,2330.23,2343.81,2315.78,2334.06,2234.65397959
2026-04-23 16:00:00+00:00,2334.24,2335.88,2286.81,2313.63,6620.0476966
2026-04-23 20:00:00+00:00,2313.72,2339.04,2313.72,2330.81,2068.11020007
2026-04-24 00:00:00+00:00,2331.06,2337.88,2302.05,2308.94,2930.52828035
2026-04-24 04:00:00+00:00,2308.95,2317.18,2300.5,2310.12,1089.14174503
2026-04-24 08:00:00+00:00,2312.11,2332.93,2304.19,2328.74,1863.37543454
2026-04-24 12:00:00+00:00,2328.42,2332.0,2302.16,2324.66,2837.36697807
2026-04-24 16:00:00+00:00,2324.31,2325.4,2309.09,2322.12,2261.55863758
2026-04-24 20:00:00+00:00,2321.89,2328.96,2307.72,2315.72,1564.97072254
2026-04-25 00:00:00+00:00,2315.74,2321.77,2312.16,2318.77,403.1022814
2026-04-25 04:00:00+00:00,2318.9,2319.51,2313.86,2317.34,239.93607564
2026-04-25 08:00:00+00:00,2317.34,2323.41,2311.43,2314.28,885.45737374
2026-04-25 12:00:00+00:00,2314.36,2319.0,2298.25,2308.86,1806.94864036
2026-04-25 16:00:00+00:00,2308.87,2314.49,2301.51,2310.56,1926.92210096
2026-04-25 20:00:00+00:00,2310.52,2321.01,2309.29,2319.82,616.8519067
2026-04-26 00:00:00+00:00,2319.82,2319.99,2307.57,2310.22,515.18944153
2026-04-26 04:00:00+00:00,2310.23,2336.42,2309.54,2331.59,1488.02678011
2026-04-26 08:00:00+00:00,2331.73,2338.0,2330.25,2336.84,560.44531586
2026-04-26 12:00:00+00:00,2336.84,2352.32,2325.84,2349.51,2790.40836182
2026-04-26 16:00:00+00:00,2349.51,2376.85,2341.13,2368.23,4410.36890249
2026-04-26 20:00:00+00:00,2368.24,2380.0,2349.51,2369.5,3481.54965352
2026-04-27 00:00:00+00:00,2369.5,2404.07,2360.52,2395.05,3647.45757515
2026-04-27 04:00:00+00:00,2395.14,2396.46,2313.68,2316.79,5190.50819719
2026-04-27 08:00:00+00:00,2316.33,2325.48,2310.01,2320.32,1081.10848182
2026-04-27 12:00:00+00:00,2320.08,2329.43,2264.68,2274.15,8231.28238164
2026-04-27 16:00:00+00:00,2274.89,2292.81,2270.25,2288.24,3821.12896621
2026-04-27 20:00:00+00:00,2289.55,2308.13,2284.34,2303.44,14695.8029362
2026-04-28 00:00:00+00:00,2303.59,2310.97,2280.23,2290.66,12466.11789334
2026-04-28 04:00:00+00:00,2290.54,2297.5,2270.31,2287.79,15089.601804
2026-04-28 08:00:00+00:00,2287.78,2292.01,2269.76,2274.95,10040.13457564
2026-04-28 12:00:00+00:00,2274.98,2286.43,2256.82,2279.66,26776.60335206
2026-04-28 16:00:00+00:00,2279.74,2305.36,2273.71,2301.06,24720.27920803
2026-04-28 20:00:00+00:00,2301.07,2305.6,2283.6,2289.29,10983.12389643
2026-04-29 00:00:00+00:00,2289.28,2316.44,2278.63,2311.47,18514.05486753
2026-04-29 04:00:00+00:00,2311.47,2342.73,2309.05,2323.37,21944.31645972
2026-04-29 08:00:00+00:00,2323.6,2347.49,2320.72,2331.25,26949.71601374
2026-04-29 12:00:00+00:00,2331.25,2332.1,2262.3,2271.85,50584.12811028
2026-04-29 16:00:00+00:00,2271.77,2284.92,2218.65,2232.79,75897.29602565999
2026-04-29 20:00:00+00:00,2232.75,2264.01,2229.15,2251.85,17380.44551462
2026-04-30 00:00:00+00:00,2251.98,2278.5,2234.86,2252.36,24409.40266615
2026-04-30 04:00:00+00:00,2252.36,2261.46,2230.15,2259.98,13777.82559855
2026-04-30 08:00:00+00:00,2259.98,2273.21,2251.21,2257.42,14509.86447395
2026-04-30 12:00:00+00:00,2257.46,2275.3,2245.83,2265.07,30018.71471911
2026-04-30 16:00:00+00:00,2265.07,2266.71,2249.65,2261.07,21756.80464389
2026-04-30 20:00:00+00:00,2261.08,2266.88,2251.37,2256.8,9127.87521857
2026-05-01 00:00:00+00:00,2256.8,2294.81,2256.34,2282.0,12654.92089187
2026-05-01 04:00:00+00:00,2282.0,2286.2,2271.55,2279.2,10539.26901888
2026-05-01 08:00:00+00:00,2279.17,2293.22,2276.51,2286.33,19342.51285863
2026-05-01 12:00:00+00:00,2286.34,2326.59,2283.92,2307.6,48843.95419862
2026-05-01 16:00:00+00:00,2307.6,2315.0,2297.03,2304.72,25589.22182775
2026-05-01 20:00:00+00:00,2304.71,2305.8,2278.86,2295.54,19863.88084122
2026-05-02 00:00:00+00:00,2295.54,2308.29,2292.7,2303.94,4904.01714498
2026-05-02 04:00:00+00:00,2303.94,2306.0,2296.49,2300.61,2691.3504834600003
2026-05-02 08:00:00+00:00,2300.84,2307.38,2298.61,2301.82,1995.59782683
2026-05-02 12:00:00+00:00,2301.82,2312.03,2300.81,2308.97,3807.40766295
2026-05-02 16:00:00+00:00,2308.97,2313.55,2303.8,2310.9,3050.07328923
2026-05-02 20:00:00+00:00,2310.9,2342.22,2309.46,2316.89,9509.50059149
2026-05-03 00:00:00+00:00,2316.88,2317.78,2298.73,2301.9,5432.92981492
2026-05-03 04:00:00+00:00,2301.8,2313.69,2297.59,2309.26,3293.28558497
2026-05-03 08:00:00+00:00,2309.24,2327.84,2307.2,2319.6,4307.13802378
2026-05-03 12:00:00+00:00,2319.7,2333.09,2319.7,2327.84,4700.99076587
2026-05-03 16:00:00+00:00,2327.84,2337.88,2321.49,2335.7,6066.0791353800005
2026-05-03 20:00:00+00:00,2335.64,2356.38,2314.0,2322.5,15457.61868987
2026-05-04 00:00:00+00:00,2322.48,2391.34,2308.36,2385.01,36322.98807738
2026-05-04 04:00:00+00:00,2384.97,2399.68,2353.6,2362.23,15316.59118395
2026-05-04 08:00:00+00:00,2362.23,2370.9,2313.39,2337.37,38068.46846595
2026-05-04 12:00:00+00:00,2337.37,2382.48,2325.39,2349.85,53713.3592658
2026-05-04 16:00:00+00:00,2349.96,2380.32,2335.8,2355.3,48949.85030129
2026-05-04 20:00:00+00:00,2355.3,2366.4,2344.28,2346.95,9142.80536299
2026-05-05 00:00:00+00:00,2346.96,2389.53,2344.76,2382.49,12973.18712621
2026-05-05 04:00:00+00:00,2382.44,2390.72,2366.87,2380.61,12031.57631103
2026-05-05 08:00:00+00:00,2380.59,2384.55,2365.93,2380.07,11580.90697752
2026-05-05 12:00:00+00:00,2380.07,2400.16,2368.65,2382.05,31508.26188117
2026-05-05 16:00:00+00:00,2382.05,2384.29,2358.42,2371.36,22665.71913045
2026-05-05 20:00:00+00:00,2371.7,2388.5,2354.23,2360.5,14498.01823044
2026-05-06 00:00:00+00:00,2360.5,2380.72,2353.0,2376.47,15217.79950338
2026-05-06 04:00:00+00:00,2376.6,2379.44,2354.04,2371.46,12213.59208057
2026-05-06 08:00:00+00:00,2371.45,2424.0,2369.05,2410.78,43368.58332529
2026-05-06 12:00:00+00:00,2410.68,2413.81,2345.57,2358.6,50227.10803538
2026-05-06 16:00:00+00:00,2358.61,2366.8,2337.12,2347.79,25625.50967392
2026-05-06 20:00:00+00:00,2347.82,2357.14,2338.09,2350.66,9163.60964348
2026-05-07 00:00:00+00:00,2350.65,2352.47,2313.21,2321.93,14757.02964392
2026-05-07 04:00:00+00:00,2321.93,2347.13,2317.1,2344.71,8318.079357409999
2026-05-07 08:00:00+00:00,2344.71,2346.99,2316.82,2329.89,14337.28296469
2026-05-07 12:00:00+00:00,2329.65,2337.05,2285.0,2294.55,33876.47258931
2026-05-07 16:00:00+00:00,2294.29,2304.47,2279.69,2295.95,26093.19935603
2026-05-07 20:00:00+00:00,2296.19,2303.09,2280.03,2290.81,15186.26002097
2026-05-08 00:00:00+00:00,2290.81,2294.55,2280.5,2282.06,1381.54663606
2026-05-08 04:00:00+00:00,2282.06,2282.06,2279.71,2280.87,89.33880634
2026-05-08 08:00:00+00:00,2280.8,2297.22,2279.15,2295.4,4303.02828633
2026-05-08 12:00:00+00:00,2295.39,2301.38,2269.55,2293.25,8678.68919757
2026-05-08 16:00:00+00:00,2292.95,2321.44,2285.8,2315.68,16539.12879757
2026-05-08 20:00:00+00:00,2315.7,2318.96,2302.93,2307.24,5262.04603537
2026-05-09 00:00:00+00:00,2307.24,2321.07,2304.27,2315.53,4055.79063086
2026-05-09 04:00:00+00:00,2315.54,2325.8,2311.01,2313.7,3504.67196586
2026-05-09 08:00:00+00:00,2313.88,2319.96,2309.15,2314.33,3527.36077905
2026-05-09 12:00:00+00:00,2314.32,2318.14,2299.57,2317.29,5235.51143346
2026-05-09 16:00:00+00:00,2317.35,2337.83,2314.77,2331.96,8440.368532640001
2026-05-09 20:00:00+00:00,2332.07,2333.39,2324.16,2326.16,3885.66235385
2026-05-10 00:00:00+00:00,2326.15,2332.67,2318.17,2327.41,4227.22920329
2026-05-10 04:00:00+00:00,2327.41,2331.73,2325.73,2327.13,2578.05351734
2026-05-10 08:00:00+00:00,2327.12,2333.35,2318.52,2322.47,3105.9678447
2026-05-10 12:00:00+00:00,2322.37,2351.21,2320.44,2347.39,8589.04455646
2026-05-10 16:00:00+00:00,2347.68,2368.45,2340.25,2365.79,18841.50297769
2026-05-10 20:00:00+00:00,2365.79,2382.48,2311.85,2371.12,24713.64556996
2026-05-11 00:00:00+00:00,2370.96,2375.28,2319.72,2329.86,19547.83965659
2026-05-11 04:00:00+00:00,2329.86,2341.79,2326.0,2330.04,9142.22070157
2026-05-11 08:00:00+00:00,2329.81,2339.27,2325.69,2335.29,7907.757957899999
2026-05-11 12:00:00+00:00,2335.3,2339.24,2302.75,2333.04,28784.71606657
2026-05-11 16:00:00+00:00,2333.03,2344.5,2322.82,2339.86,18752.20331323
2026-05-11 20:00:00+00:00,2339.99,2345.3,2334.44,2339.39,9295.8696873
2026-05-12 00:00:00+00:00,2339.48,2340.45,2295.15,2308.89,10867.74177913
2026-05-12 04:00:00+00:00,2308.57,2313.63,2290.45,2294.11,7708.0766943
2026-05-12 08:00:00+00:00,2294.07,2295.13,2277.8,2286.09,19806.9799583
2026-05-12 12:00:00+00:00,2286.11,2294.78,2255.8,2261.0,44463.60711403
2026-05-12 16:00:00+00:00,2261.04,2287.53,2255.29,2284.98,18440.08684031
2026-05-12 20:00:00+00:00,2285.03,2291.12,2272.97,2274.43,10370.61227798
2026-05-13 00:00:00+00:00,2274.32,2303.44,2272.62,2301.44,9457.02955247
2026-05-13 04:00:00+00:00,2301.45,2308.79,2295.19,2300.61,4768.59652515
2026-05-13 08:00:00+00:00,2300.67,2323.1,2298.04,2300.88,11736.31530281
2026-05-13 12:00:00+00:00,2300.94,2307.15,2232.72,2235.11,34871.89035606
2026-05-13 16:00:00+00:00,2235.3,2267.88,2234.1,2255.25,21969.35752868
2026-05-13 20:00:00+00:00,2255.25,2263.6,2249.8,2257.85,10144.77774614
2026-05-14 00:00:00+00:00,2257.82,2268.5,2237.11,2240.93,8640.14790899
2026-05-14 04:00:00+00:00,2241.15,2274.41,2238.32,2264.57,7935.25091978
2026-05-14 08:00:00+00:00,2264.57,2270.25,2250.65,2252.71,10649.34144446
2026-05-14 12:00:00+00:00,2252.7,2299.52,2245.34,2299.09,32322.10610637
2026-05-14 16:00:00+00:00,2300.53,2319.78,2294.0,2297.77,57724.10779604
2026-05-14 20:00:00+00:00,2297.78,2302.19,2280.18,2283.08,12729.94724348
2026-05-15 00:00:00+00:00,2283.09,2299.87,2259.61,2272.66,16239.22259033
2026-05-15 04:00:00+00:00,2272.66,2273.23,2236.4,2264.53,14139.35544695
2026-05-15 08:00:00+00:00,2264.4,2264.92,2249.26,2256.65,12922.75371754
2026-05-15 12:00:00+00:00,2256.69,2260.43,2203.0,2221.46,54716.02676913
2026-05-15 16:00:00+00:00,2221.47,2232.28,2217.56,2221.79,24665.15292387
2026-05-15 20:00:00+00:00,2221.4,2224.82,2212.08,2223.0,12153.7796334
2026-05-16 00:00:00+00:00,2223.0,2230.45,2221.91,2226.65,5960.26654168
2026-05-16 04:00:00+00:00,2226.64,2227.38,2180.01,2193.67,13909.18040717
2026-05-16 08:00:00+00:00,2193.66,2196.38,2161.8,2175.06,8933.98442042
2026-05-16 12:00:00+00:00,2175.07,2187.2,2171.14,2178.9,7384.08339939
2026-05-16 16:00:00+00:00,2178.88,2184.11,2169.5,2178.78,7729.60611042
2026-05-16 20:00:00+00:00,2178.96,2182.84,2178.24,2179.96,2762.49481271
2026-05-17 00:00:00+00:00,2179.95,2184.79,2166.83,2180.46,6428.72435489
2026-05-17 04:00:00+00:00,2180.46,2193.85,2180.09,2185.5,3398.12483604
2026-05-17 08:00:00+00:00,2185.54,2197.3,2182.04,2191.2,3477.6299704000003
2026-05-17 12:00:00+00:00,2191.2,2197.3,2177.18,2185.41,4450.77345136
2026-05-17 16:00:00+00:00,2185.42,2192.69,2175.61,2191.29,3795.95490287
2026-05-17 20:00:00+00:00,2191.3,2193.94,2078.22,2129.74,23042.45322474
2026-05-18 00:00:00+00:00,2129.74,2130.97,2103.36,2117.24,23305.38396333
2026-05-18 04:00:00+00:00,2117.24,2124.78,2108.95,2119.3,8960.74487957
2026-05-18 08:00:00+00:00,2119.47,2138.9,2108.74,2132.77,19530.34202733
2026-05-18 12:00:00+00:00,2132.86,2156.48,2091.7,2105.88,46926.17732429
2026-05-18 16:00:00+00:00,2106.0,2128.07,2076.4,2123.45,51528.26657035
2026-05-18 20:00:00+00:00,2123.45,2141.27,2112.71,2128.57,14171.3750439
2026-05-19 00:00:00+00:00,2128.52,2145.4,2117.0,2129.83,10801.53771241
2026-05-19 04:00:00+00:00,2129.82,2143.52,2121.94,2139.42,9252.79782844
2026-05-19 08:00:00+00:00,2139.4,2139.8,2104.43,2108.58,11865.31954157
2026-05-19 12:00:00+00:00,2108.75,2125.43,2092.45,2108.4,31727.76809226
2026-05-19 16:00:00+00:00,2108.5,2123.94,2105.09,2111.48,18185.07386366
2026-05-19 20:00:00+00:00,2111.48,2118.8,2100.59,2110.06,5804.6927571
2026-05-20 00:00:00+00:00,2110.05,2117.05,2100.43,2109.28,8431.86694796
2026-05-20 04:00:00+00:00,2109.28,2134.44,2105.01,2127.63,10936.90324595
2026-05-20 08:00:00+00:00,2127.61,2136.12,2122.07,2125.9,8068.765129249999
2026-05-20 12:00:00+00:00,2125.9,2147.59,2111.7,2134.49,25458.10390977
2026-05-20 16:00:00+00:00,2134.5,2147.5,2121.6,2136.75,17960.35766455
2026-05-20 20:00:00+00:00,2136.83,2138.69,2115.95,2127.49,10019.42042399
2026-05-21 00:00:00+00:00,2127.48,2155.19,2126.42,2143.82,10464.50817283
2026-05-21 04:00:00+00:00,2143.92,2147.04,2122.0,2132.83,8478.27036076
2026-05-21 08:00:00+00:00,2132.83,2146.34,2107.19,2112.86,19880.06111264
2026-05-21 12:00:00+00:00,2112.86,2136.27,2102.38,2130.43,30756.41298861
2026-05-21 16:00:00+00:00,2130.43,2151.8,2119.31,2140.78,40168.672838620005
2026-05-21 20:00:00+00:00,2140.79,2141.4,2125.17,2131.96,10988.44740451
2026-05-22 00:00:00+00:00,2131.96,2139.14,2123.62,2135.85,8799.5269391
2026-05-22 04:00:00+00:00,2136.06,2139.39,2119.57,2126.21,8085.02342107
2026-05-22 08:00:00+00:00,2126.21,2131.08,2116.48,2128.49,9336.08939355
2026-05-22 12:00:00+00:00,2128.49,2136.06,2109.76,2116.93,22448.19893313
2026-05-22 16:00:00+00:00,2116.92,2128.08,2055.25,2062.57,30616.26275627
2026-05-22 20:00:00+00:00,2062.66,2077.27,2055.11,2063.39,15693.52112984
2026-05-23 00:00:00+00:00,2063.58,2069.51,2050.5,2068.02,9303.77004265
2026-05-23 04:00:00+00:00,2068.02,2068.27,2006.64,2026.15,16503.41162019
2026-05-23 08:00:00+00:00,2026.06,2033.31,2018.71,2029.24,10500.0764726
2026-05-23 12:00:00+00:00,2029.23,2066.01,2023.89,2057.64,15394.17824859
2026-05-23 16:00:00+00:00,2057.64,2081.15,2054.33,2075.03,11722.48765347
2026-05-23 20:00:00+00:00,2075.04,2146.73,2071.76,2115.04,28650.18565156
2026-05-24 00:00:00+00:00,2115.11,2124.55,2109.25,2116.26,8409.5823753
2026-05-24 04:00:00+00:00,2116.44,2127.22,2110.88,2118.38,4521.13456431
2026-05-24 08:00:00+00:00,2118.45,2128.94,2116.44,2123.66,4764.17168094
2026-05-24 12:00:00+00:00,2123.66,2124.1,2076.93,2093.35,11193.5494885
2026-05-24 16:00:00+00:00,2093.34,2106.29,2092.54,2098.09,6905.00463128
2026-05-24 20:00:00+00:00,2098.09,2104.8,2059.33,2097.35,18470.21421264
2026-05-25 00:00:00+00:00,2097.38,2110.46,2089.6,2092.95,9488.04273454
2026-05-25 04:00:00+00:00,2092.97,2116.08,2089.86,2113.8,9126.81730679
2026-05-25 08:00:00+00:00,2113.92,2122.24,2109.22,2113.15,5856.4625919400005
2026-05-25 12:00:00+00:00,2113.15,2136.33,2110.27,2124.91,8918.78291197
2026-05-25 16:00:00+00:00,2124.92,2139.94,2114.65,2119.42,5623.20829895
2026-05-25 20:00:00+00:00,2119.32,2121.12,2100.4,2110.91,22269.93524491
2026-05-26 00:00:00+00:00,2111.04,2112.37,2082.14,2091.15,13840.83847419
2026-05-26 04:00:00+00:00,2091.15,2102.52,2086.61,2093.04,6825.7257052
2026-05-26 08:00:00+00:00,2093.05,2135.09,2091.75,2118.71,24113.95455837
2026-05-26 12:00:00+00:00,2118.7,2138.55,2075.51,2084.48,59657.92041247
2026-05-26 16:00:00+00:00,2084.48,2087.23,2052.0,2070.84,36824.22117214
2026-05-26 20:00:00+00:00,2070.84,2075.98,2062.83,2070.88,10966.41703274
2026-05-27 00:00:00+00:00,2070.88,2081.2,2065.75,2066.78,8603.94905361
2026-05-27 04:00:00+00:00,2066.78,2081.0,2053.26,2080.39,6339.57119982
2026-05-27 08:00:00+00:00,2080.28,2093.57,2075.38,2077.68,13129.01470329
2026-05-27 12:00:00+00:00,2077.74,2094.51,2048.03,2067.57,33859.7724786
2026-05-27 16:00:00+00:00,2067.78,2070.4,2039.37,2053.26,28612.69420304
2026-05-27 20:00:00+00:00,2053.25,2062.68,2012.35,2021.64,20407.52615455
2026-05-28 00:00:00+00:00,2021.52,2025.9,1968.14,1978.39,29100.83164428
2026-05-28 04:00:00+00:00,1978.38,1992.96,1964.44,1991.7,27357.3461929
2026-05-28 08:00:00+00:00,1991.73,1995.47,1981.2,1986.44,12569.78100619
2026-05-28 12:00:00+00:00,1986.43,1999.09,1964.01,1987.11,43207.00894094
2026-05-28 16:00:00+00:00,1987.1,2027.08,1981.41,2011.49,29909.81261681
2026-05-28 20:00:00+00:00,2011.5,2021.6,2002.51,2006.61,16420.69900478
2026-05-29 00:00:00+00:00,2006.6,2014.3,1994.13,1999.83,13869.18930061
2026-05-29 04:00:00+00:00,1999.84,2018.2,1995.55,2004.12,14558.72581313
2026-05-29 08:00:00+00:00,2004.11,2013.22,1999.63,2004.85,12504.56599076
2026-05-29 12:00:00+00:00,2004.84,2043.16,1973.36,2028.41,53400.74587568
2026-05-29 16:00:00+00:00,2028.46,2041.66,2002.15,2013.76,34019.92270412
2026-05-29 20:00:00+00:00,2013.99,2021.2,2004.17,2011.65,25816.76183122
2026-05-30 00:00:00+00:00,2011.64,2020.69,2007.83,2013.81,7939.043070709999
2026-05-30 04:00:00+00:00,2014.01,2018.06,1999.33,2013.21,7681.17125901
2026-05-30 08:00:00+00:00,2013.2,2019.66,2011.09,2014.62,3615.75314424
2026-05-30 12:00:00+00:00,2014.63,2029.35,2014.31,2023.75,6789.99551449
2026-05-30 16:00:00+00:00,2023.75,2027.5,2016.7,2025.83,7067.83586354
2026-05-30 20:00:00+00:00,2025.83,2028.46,2017.25,2019.58,5174.20851414
2026-05-31 00:00:00+00:00,2019.6,2034.89,2017.83,2030.41,6239.06349939
2026-05-31 04:00:00+00:00,2030.4,2031.85,2019.61,2021.16,3947.76554832
2026-05-31 08:00:00+00:00,2021.14,2026.18,2012.5,2020.52,5818.81349156
2026-05-31 12:00:00+00:00,2020.5,2023.47,2002.68,2007.65,13110.06193659
2026-05-31 16:00:00+00:00,2007.65,2010.04,1991.1,1996.82,11273.64412732
2026-05-31 20:00:00+00:00,1996.81,2019.9,1996.81,2004.0,11597.14499806
2026-06-01 00:00:00+00:00,2004.01,2018.48,1988.28,2006.48,14881.99363096
2026-06-01 04:00:00+00:00,2006.48,2009.32,1969.13,1973.74,15379.89866824
2026-06-01 08:00:00+00:00,1973.78,1987.58,1969.23,1979.29,10526.05924444
2026-06-01 12:00:00+00:00,1979.31,1991.88,1954.0,1965.0,52716.22337614
2026-06-01 16:00:00+00:00,1965.0,2006.16,1955.0,2002.0,35563.714157970004
2026-06-01 20:00:00+00:00,2001.86,2006.79,1981.72,2004.0,14407.13557775
2026-06-02 00:00:00+00:00,2004.08,2004.11,1959.29,2000.76,15160.31398407
2026-06-02 04:00:00+00:00,2000.86,2003.75,1970.9,1978.83,11985.06486301
2026-06-02 08:00:00+00:00,1978.99,1985.9,1963.2,1975.94,14920.7420933
2026-06-02 12:00:00+00:00,1975.93,1980.37,1888.0,1911.53,69861.48977166
2026-06-02 16:00:00+00:00,1911.2,1940.12,1879.5,1909.33,56208.51183194
2026-06-02 20:00:00+00:00,1909.33,1916.0,1836.96,1857.32,60236.40883137
2026-06-03 00:00:00+00:00,1857.31,1871.69,1811.4,1825.4,38904.44382768
2026-06-03 04:00:00+00:00,1825.52,1881.38,1825.09,1875.88,30942.018817
2026-06-03 08:00:00+00:00,1875.75,1890.1,1867.08,1875.7,18668.01445084
2026-06-03 12:00:00+00:00,1875.71,1877.49,1833.5,1834.36,48450.73522844
2026-06-03 16:00:00+00:00,1834.44,1841.24,1793.95,1801.18,63667.8453898
2026-06-03 20:00:00+00:00,1801.17,1849.41,1768.0,1810.66,57084.53164515
2026-06-04 00:00:00+00:00,1810.65,1818.0,1715.36,1806.75,79872.82449063
2026-06-04 04:00:00+00:00,1806.74,1816.01,1771.71,1775.47,29117.01261596
2026-06-04 08:00:00+00:00,1775.48,1781.73,1728.29,1749.3,44459.27895244
2026-06-04 12:00:00+00:00,1749.3,1792.8,1742.03,1774.52,66543.2497372
2026-06-04 16:00:00+00:00,1774.53,1784.9,1751.68,1774.83,50462.8111553
2026-06-04 20:00:00+00:00,1774.84,1781.18,1750.81,1768.53,29638.39026285
2026-06-05 00:00:00+00:00,1768.52,1772.86,1719.38,1727.7,42991.45692296
2026-06-05 04:00:00+00:00,1727.75,1745.64,1623.44,1677.65,97684.00586625
2026-06-05 08:00:00+00:00,1677.6,1688.8,1657.81,1661.9,30874.56061331
2026-06-05 12:00:00+00:00,1661.82,1676.58,1571.15,1582.01,111888.50833118
2026-06-05 16:00:00+00:00,1582.0,1611.74,1539.26,1572.97,127604.39104251
2026-06-05 20:00:00+00:00,1572.97,1618.99,1556.64,1582.85,76297.6162025
2026-06-06 00:00:00+00:00,1582.71,1600.85,1554.85,1562.81,22582.83827868
2026-06-06 04:00:00+00:00,1562.93,1580.6,1505.0,1574.37,42583.66523181
2026-06-06 08:00:00+00:00,1574.4,1592.49,1534.77,1558.06,26851.49945732
2026-06-06 12:00:00+00:00,1558.06,1574.8,1544.06,1559.87,23114.98980914
2026-06-06 16:00:00+00:00,1559.8,1565.69,1546.54,1553.91,22830.37656018
2026-06-06 20:00:00+00:00,1553.74,1569.3,1550.24,1568.87,17105.69754257
2026-06-07 00:00:00+00:00,1568.86,1599.9,1563.2,1594.28,17381.3381387
2026-06-07 04:00:00+00:00,1594.2,1622.45,1584.19,1614.36,17729.1496659
2026-06-07 08:00:00+00:00,1614.49,1647.97,1608.1,1629.66,20624.75293198
2026-06-07 12:00:00+00:00,1629.64,1639.64,1606.19,1629.6,20387.64155566
2026-06-07 16:00:00+00:00,1629.6,1637.74,1603.41,1612.45,18381.04569331
2026-06-07 20:00:00+00:00,1612.3,1720.15,1608.6,1689.75,44393.76236197
2026-06-08 00:00:00+00:00,1689.58,1710.9,1670.57,1678.99,34650.39351848
2026-06-08 04:00:00+00:00,1678.96,1679.77,1644.08,1672.3,32410.13284403
2026-06-08 08:00:00+00:00,1672.0,1695.43,1655.88,1682.28,31032.81132183
2026-06-08 12:00:00+00:00,1682.3,1705.51,1665.83,1690.75,61900.25127241
2026-06-08 16:00:00+00:00,1690.99,1703.29,1674.43,1683.94,48934.02399725
2026-06-08 20:00:00+00:00,1684.09,1714.19,1678.72,1689.89,28860.91507117
2026-06-09 00:00:00+00:00,1689.8,1696.2,1653.68,1668.71,29093.93061419
2026-06-09 04:00:00+00:00,1668.7,1695.37,1663.75,1679.0,20720.52074374
2026-06-09 08:00:00+00:00,1679.07,1679.83,1663.93,1670.96,15324.40687328
2026-06-09 12:00:00+00:00,1670.88,1682.29,1632.63,1634.95,54437.76801048
2026-06-09 16:00:00+00:00,1634.94,1657.92,1612.37,1656.11,47148.15454715
2026-06-09 20:00:00+00:00,1656.19,1662.28,1629.3,1638.45,21711.13300382
2026-06-10 00:00:00+00:00,1638.45,1645.87,1620.57,1629.71,14312.68944789
2026-06-10 04:00:00+00:00,1629.58,1642.34,1615.13,1638.85,13578.98496158
2026-06-10 08:00:00+00:00,1638.95,1639.64,1604.34,1618.95,24279.07051943
2026-06-10 12:00:00+00:00,1618.96,1666.76,1614.33,1656.6,56635.08614899
2026-06-10 16:00:00+00:00,1656.59,1657.49,1620.0,1628.5,37167.0737792
2026-06-10 20:00:00+00:00,1628.39,1635.67,1601.5,1620.03,25525.59859969
2026-06-11 00:00:00+00:00,1619.96,1659.56,1619.96,1651.72,17467.88579771
2026-06-11 04:00:00+00:00,1651.84,1661.16,1644.3,1652.47,9830.13893804
2026-06-11 08:00:00+00:00,1652.41,1671.5,1652.18,1665.11,18083.88580077
2026-06-11 12:00:00+00:00,1665.1,1665.36,1634.23,1643.7,41103.06088147
2026-06-11 16:00:00+00:00,1643.69,1691.86,1630.35,1680.41,52463.38631608
2026-06-11 20:00:00+00:00,1679.96,1681.82,1665.44,1671.94,15034.3174803
2026-06-12 00:00:00+00:00,1671.84,1676.1,1658.57,1670.8,9019.13980562
2026-06-12 04:00:00+00:00,1670.8,1679.52,1650.0,1659.93,12063.9003225
2026-06-12 08:00:00+00:00,1660.01,1683.69,1659.93,1671.77,9226.60922477
2026-06-12 12:00:00+00:00,1671.78,1689.95,1651.39,1658.67,45131.26591706
2026-06-12 16:00:00+00:00,1658.64,1677.46,1655.91,1664.5,21614.59080656
2026-06-12 20:00:00+00:00,1664.67,1667.36,1658.02,1665.52,7678.46376899
2026-06-13 00:00:00+00:00,1665.5,1674.6,1662.12,1664.17,7838.4246153
2026-06-13 04:00:00+00:00,1664.17,1676.78,1661.33,1675.14,6885.404262669999
2026-06-13 08:00:00+00:00,1675.17,1678.41,1671.73,1677.26,8748.88736158
2026-06-13 12:00:00+00:00,1677.27,1685.07,1675.45,1681.11,7484.43019317
2026-06-13 16:00:00+00:00,1681.11,1682.35,1670.2,1677.58,11579.16846216
2026-06-13 20:00:00+00:00,1677.64,1696.27,1674.01,1680.3,6431.55797176
2026-06-14 00:00:00+00:00,1680.36,1689.6,1677.84,1680.94,5204.41487925
2026-06-14 04:00:00+00:00,1680.87,1681.88,1672.86,1674.92,6473.53202686
2026-06-14 08:00:00+00:00,1674.92,1677.68,1668.38,1672.55,6312.41961472
2026-06-14 12:00:00+00:00,1672.61,1673.43,1653.69,1662.13,9568.31001402
2026-06-14 16:00:00+00:00,1662.0,1667.66,1651.74,1664.21,23418.439350570003
2026-06-14 20:00:00+00:00,1664.28,1731.39,1661.45,1724.73,23957.92980649
2026-06-15 00:00:00+00:00,1724.73,1731.54,1708.89,1720.0,14360.07175492
2026-06-15 04:00:00+00:00,1719.82,1722.68,1715.06,1715.31,6767.68010408
2026-06-15 08:00:00+00:00,1715.32,1767.14,1710.64,1763.75,26532.10120483
2026-06-15 12:00:00+00:00,1763.75,1848.42,1759.13,1844.7,47226.99544913
2026-06-15 16:00:00+00:00,1844.39,1846.86,1810.73,1820.54,42415.86973342
2026-06-15 20:00:00+00:00,1820.54,1825.7,1781.71,1795.01,18287.73287307
2026-06-16 00:00:00+00:00,1795.0,1801.0,1763.67,1777.98,14717.07744742
2026-06-16 04:00:00+00:00,1778.03,1782.22,1757.61,1773.26,15309.66217601
2026-06-16 08:00:00+00:00,1773.08,1807.13,1772.24,1798.23,17260.89311861
2026-06-16 12:00:00+00:00,1798.32,1838.0,1761.98,1780.86,37751.0818353
2026-06-16 16:00:00+00:00,1780.83,1806.95,1771.44,1793.95,24012.85884332
2026-06-16 20:00:00+00:00,1793.97,1799.11,1787.74,1791.24,9984.47827869
2026-06-17 00:00:00+00:00,1791.24,1809.05,1777.75,1792.04,10133.00760159
2026-06-17 04:00:00+00:00,1792.03,1800.32,1777.09,1783.35,8235.37627934
2026-06-17 08:00:00+00:00,1783.35,1784.59,1757.84,1762.41,10475.87610897
2026-06-17 12:00:00+00:00,1762.5,1775.83,1739.73,1771.95,25477.79796114
2026-06-17 16:00:00+00:00,1771.95,1794.52,1727.59,1733.26,47354.79877156
2026-06-17 20:00:00+00:00,1733.26,1750.1,1723.78,1749.0,14547.43403553
2026-06-18 00:00:00+00:00,1748.98,1761.53,1739.4,1742.24,11551.70735652
2026-06-18 04:00:00+00:00,1742.3,1751.4,1719.62,1747.89,14369.88102467
2026-06-18 08:00:00+00:00,1747.89,1752.19,1736.28,1741.58,12240.1795025
2026-06-18 12:00:00+00:00,1741.59,1751.5,1677.82,1679.82,37757.26177496
2026-06-18 16:00:00+00:00,1679.8,1705.72,1669.2,1703.57,30992.96294811
2026-06-18 20:00:00+00:00,1703.5,1715.42,1698.19,1709.01,16136.42347146
2026-06-19 00:00:00+00:00,1709.0,1717.4,1680.38,1695.81,12796.54476405
2026-06-19 04:00:00+00:00,1695.84,1701.75,1683.91,1694.07,9935.52256842
2026-06-19 08:00:00+00:00,1694.08,1697.83,1685.61,1690.06,9176.74238262
2026-06-19 12:00:00+00:00,1690.24,1710.42,1677.36,1706.09,9771.89128957
2026-06-19 16:00:00+00:00,1706.17,1710.2,1691.95,1699.39,7663.0387978
2026-06-19 20:00:00+00:00,1699.58,1713.19,1697.16,1709.42,10773.66551906
2026-06-20 00:00:00+00:00,1709.41,1716.4,1702.29,1706.46,5119.05975715
2026-06-20 04:00:00+00:00,1706.31,1731.39,1704.95,1724.2,6644.66253139
2026-06-20 08:00:00+00:00,1724.3,1729.99,1719.71,1725.32,3801.23439806
2026-06-20 12:00:00+00:00,1725.32,1747.6,1706.63,1738.7,11556.29859634
2026-06-20 16:00:00+00:00,1738.76,1739.1,1718.91,1727.08,9351.6316739
2026-06-20 20:00:00+00:00,1726.96,1744.0,1724.11,1738.46,9146.39969043
2026-06-21 00:00:00+00:00,1738.61,1739.05,1731.28,1735.71,6129.55405109
2026-06-21 04:00:00+00:00,1735.81,1739.14,1727.27,1729.92,3647.88963656
2026-06-21 08:00:00+00:00,1729.91,1734.8,1716.57,1723.36,5077.92476119
2026-06-21 12:00:00+00:00,1723.2,1730.69,1714.51,1728.75,9044.7571518
2026-06-21 16:00:00+00:00,1728.62,1737.39,1719.55,1732.02,8237.89169622
2026-06-21 20:00:00+00:00,1732.02,1733.29,1700.0,1704.8,14418.46632171
2026-06-22 00:00:00+00:00,1704.99,1757.23,1704.99,1727.88,14981.05590962
2026-06-22 04:00:00+00:00,1728.07,1749.42,1725.51,1744.41,7395.46763343
2026-06-22 08:00:00+00:00,1744.41,1773.0,1741.49,1766.03,13049.74562389
2026-06-22 12:00:00+00:00,1766.01,1777.83,1740.14,1742.49,42693.82937228
2026-06-22 16:00:00+00:00,1742.66,1745.78,1726.75,1732.52,25965.38997158
2026-06-22 20:00:00+00:00,1732.48,1737.77,1714.98,1726.15,15464.0726757
2026-06-23 00:00:00+00:00,1726.12,1734.25,1717.65,1727.78,5744.9354845200005
2026-06-23 04:00:00+00:00,1727.8,1729.08,1678.71,1680.67,13128.94058048
2026-06-23 08:00:00+00:00,1680.81,1682.62,1633.47,1658.91,21277.34930523
2026-06-23 12:00:00+00:00,1658.94,1669.9,1643.28,1657.51,24660.72555589
2026-06-23 16:00:00+00:00,1657.59,1671.8,1647.29,1660.16,26332.23916861
2026-06-23 20:00:00+00:00,1660.28,1670.68,1657.81,1665.04,10211.72928022
2026-06-24 00:00:00+00:00,1665.04,1678.21,1655.76,1664.65,9296.87310391
2026-06-24 04:00:00+00:00,1664.65,1677.36,1656.09,1670.75,6762.80474738
2026-06-24 08:00:00+00:00,1670.8,1689.85,1653.17,1676.88,10474.0196944
2026-06-24 12:00:00+00:00,1677.1,1678.97,1614.21,1615.6,42167.62270368
2026-06-24 16:00:00+00:00,1615.55,1633.45,1550.93,1582.2,70595.82925417
2026-06-24 20:00:00+00:00,1581.96,1627.2,1577.2,1619.72,23857.50809881
2026-06-25 00:00:00+00:00,1619.72,1623.81,1611.9,1616.89,10219.1264206
2026-06-25 04:00:00+00:00,1616.9,1657.72,1614.48,1654.67,15766.53237726
2026-06-25 08:00:00+00:00,1654.73,1656.58,1625.68,1630.67,13249.4562163
2026-06-25 12:00:00+00:00,1630.71,1646.74,1530.38,1567.51,80794.98999785
2026-06-25 16:00:00+00:00,1567.52,1585.0,1551.85,1557.0,41784.47963849
2026-06-25 20:00:00+00:00,1556.93,1580.82,1554.15,1565.19,18663.4828545
2026-06-26 00:00:00+00:00,1565.28,1569.35,1510.0,1555.44,32540.10010055
2026-06-26 04:00:00+00:00,1555.41,1583.82,1541.05,1578.6,15918.01839721
2026-06-26 08:00:00+00:00,1578.56,1579.95,1538.54,1543.08,14525.16794018
2026-06-26 12:00:00+00:00,1542.88,1586.02,1519.02,1578.0,55226.99258813
2026-06-26 16:00:00+00:00,1577.99,1591.67,1567.62,1572.18,29367.56781661
2026-06-26 20:00:00+00:00,1572.43,1580.9,1565.28,1576.27,11673.70897422
2026-06-27 00:00:00+00:00,1576.46,1584.72,1569.21,1578.25,6539.15548954
2026-06-27 04:00:00+00:00,1578.25,1584.0,1572.8,1583.34,3640.00534912
2026-06-27 08:00:00+00:00,1583.24,1583.5,1576.51,1581.42,2575.97534292
2026-06-27 12:00:00+00:00,1581.34,1608.27,1578.96,1603.1,7982.45741072
2026-06-27 16:00:00+00:00,1603.09,1605.57,1570.32,1575.78,13570.0641519
2026-06-27 20:00:00+00:00,1575.8,1582.65,1560.65,1571.6,10345.80072639
2026-06-28 00:00:00+00:00,1571.59,1577.68,1566.91,1572.79,4873.90094709
2026-06-28 04:00:00+00:00,1572.71,1575.11,1560.23,1573.74,5528.77374084
2026-06-28 08:00:00+00:00,1573.58,1583.63,1570.23,1580.55,3458.91063916
2026-06-28 12:00:00+00:00,1580.55,1586.51,1572.76,1578.79,4576.51090747
2026-06-28 16:00:00+00:00,1578.73,1579.57,1554.47,1562.42,7215.83687724
2026-06-28 20:00:00+00:00,1562.22,1579.57,1545.14,1569.41,13482.47681522
2026-06-29 00:00:00+00:00,1569.4,1587.09,1547.77,1582.03,16781.5993673
2026-06-29 04:00:00+00:00,1582.11,1586.49,1559.7,1577.85,9927.69030297
2026-06-29 08:00:00+00:00,1577.84,1584.61,1567.42,1572.49,13379.49257518
2026-06-29 12:00:00+00:00,1572.61,1594.44,1554.36,1577.0,47138.08918557
2026-06-29 16:00:00+00:00,1577.17,1635.0,1571.01,1622.91,40611.38583751
2026-06-29 20:00:00+00:00,1622.95,1624.55,1605.06,1610.62,13878.14692924
2026-06-30 00:00:00+00:00,1610.6,1612.08,1583.67,1584.32,10052.71466377
2026-06-30 04:00:00+00:00,1584.31,1593.54,1576.89,1589.83,8306.31842344
2026-06-30 08:00:00+00:00,1589.82,1591.86,1573.13,1575.7,12107.63844913
2026-06-30 12:00:00+00:00,1575.71,1575.78,1547.08,1562.18,40724.75511105
2026-06-30 16:00:00+00:00,1562.18,1579.2,1558.64,1578.02,16200.169654050002
2026-06-30 20:00:00+00:00,1578.01,1580.45,1563.07,1569.45,14884.91943219
2026-07-01 00:00:00+00:00,1569.45,1596.49,1550.59,1592.33,18138.469415
2026-07-01 04:00:00+00:00,1592.21,1601.43,1569.11,1576.19,17084.46158125
2026-07-01 08:00:00+00:00,1576.19,1583.1,1564.9,1567.73,15080.36342898
2026-07-01 12:00:00+00:00,1567.81,1629.62,1563.51,1618.58,49529.51489765
2026-07-01 16:00:00+00:00,1618.57,1627.77,1605.53,1616.4,26150.54390077
2026-07-01 20:00:00+00:00,1616.34,1644.0,1606.57,1607.64,20761.97856747
2026-07-02 00:00:00+00:00,1607.8,1640.0,1595.2,1637.55,19961.26620424
2026-07-02 04:00:00+00:00,1637.5,1637.92,1611.79,1613.87,10777.35387789
2026-07-02 08:00:00+00:00,1613.88,1653.02,1612.89,1648.44,19002.55144583
2026-07-02 12:00:00+00:00,1648.35,1723.05,1645.56,1695.12,58733.28830082
2026-07-02 16:00:00+00:00,1695.13,1705.86,1684.56,1698.52,28835.76308376
2026-07-02 20:00:00+00:00,1698.5,1705.01,1690.11,1698.63,11298.6932286
2026-07-03 00:00:00+00:00,1698.63,1716.64,1692.84,1704.32,10420.01304074
2026-07-03 04:00:00+00:00,1704.32,1720.3,1700.16,1715.98,9678.58035047
2026-07-03 08:00:00+00:00,1715.99,1747.0,1713.86,1740.51,14848.76660713
2026-07-03 12:00:00+00:00,1740.51,1751.42,1726.95,1729.42,13470.93058048
2026-07-03 16:00:00+00:00,1729.41,1751.6,1726.18,1743.5,9066.28677348
2026-07-03 20:00:00+00:00,1743.51,1774.0,1741.91,1756.14,13219.13517463
2026-07-04 00:00:00+00:00,1756.14,1762.37,1742.45,1752.11,5682.12520346
2026-07-04 04:00:00+00:00,1752.11,1762.56,1749.81,1756.84,3907.79722162
2026-07-04 08:00:00+00:00,1756.83,1764.06,1753.4,1756.63,3344.56258751
2026-07-04 12:00:00+00:00,1756.62,1797.16,1756.62,1789.7,13986.82935514
2026-07-04 16:00:00+00:00,1789.68,1806.01,1777.52,1791.31,15079.29618242
2026-07-04 20:00:00+00:00,1791.3,1794.49,1770.79,1779.34,7945.92658903
2026-07-05 00:00:00+00:00,1779.16,1779.29,1755.4,1759.94,6966.58703043
2026-07-05 04:00:00+00:00,1759.9,1770.97,1758.46,1768.36,3677.58020902
2026-07-05 08:00:00+00:00,1768.24,1771.4,1747.58,1758.6,4198.3852683000005
2026-07-05 12:00:00+00:00,1758.69,1779.65,1754.5,1773.08,5872.4934464200005
2026-07-05 16:00:00+00:00,1773.09,1784.9,1768.55,1779.76,6439.79654963
2026-07-05 20:00:00+00:00,1779.75,1806.51,1767.82,1784.2,13694.36097839
2026-07-06 00:00:00+00:00,1784.13,1796.89,1770.35,1778.07,8087.43181029
2026-07-06 04:00:00+00:00,1778.11,1783.24,1763.09,1770.42,10996.29754998
2026-07-06 08:00:00+00:00,1770.41,1776.8,1754.0,1757.63,15565.044196350002
2026-07-06 12:00:00+00:00,1757.7,1787.99,1727.17,1787.39,44121.99810103
2026-07-06 16:00:00+00:00,1787.34,1804.15,1781.2,1791.56,27538.86834601
2026-07-06 20:00:00+00:00,1791.63,1831.62,1786.09,1798.45,19424.83032188
2026-07-07 00:00:00+00:00,1798.45,1809.19,1767.51,1770.23,14193.88113549
2026-07-07 04:00:00+00:00,1770.21,1781.15,1756.54,1769.91,11765.97527165
2026-07-07 08:00:00+00:00,1769.91,1783.07,1766.87,1779.23,10064.2804
2026-07-07 12:00:00+00:00,1779.25,1801.88,1759.4,1796.04,27604.38018699
2026-07-07 16:00:00+00:00,1795.86,1811.15,1771.99,1789.43,27195.97943228
2026-07-07 20:00:00+00:00,1789.32,1792.14,1764.4,1770.09,10017.43901371
2026-07-08 00:00:00+00:00,1770.23,1783.71,1740.2,1750.11,14148.37717881
2026-07-08 04:00:00+00:00,1750.2,1758.39,1743.52,1755.28,8124.20271759
2026-07-08 08:00:00+00:00,1755.28,1757.38,1723.4,1746.49,18336.36123914
2026-07-08 12:00:00+00:00,1746.49,1749.88,1710.95,1721.06,30340.16307683
2026-07-08 16:00:00+00:00,1720.96,1744.92,1720.96,1739.79,19156.65950906
2026-07-08 20:00:00+00:00,1739.87,1743.28,1730.08,1741.8,9056.33647475
2026-07-09 00:00:00+00:00,1741.85,1754.04,1720.0,1729.04,12488.83740043
2026-07-09 04:00:00+00:00,1729.04,1760.57,1728.48,1751.7,9343.40901491
2026-07-09 08:00:00+00:00,1751.7,1757.46,1739.57,1742.53,9389.12126994
2026-07-09 12:00:00+00:00,1742.5,1750.46,1731.55,1737.74,21195.77246851
2026-07-09 16:00:00+00:00,1737.79,1758.37,1730.0,1747.11,16229.82406822
2026-07-09 20:00:00+00:00,1747.23,1749.83,1740.34,1743.82,7357.58656991
2026-07-10 00:00:00+00:00,1743.82,1778.75,1736.17,1774.8,14576.64875365
2026-07-10 04:00:00+00:00,1774.84,1779.22,1767.49,1772.39,8376.93041168
2026-07-10 08:00:00+00:00,1772.28,1801.57,1771.44,1800.33,14836.08299894
2026-07-10 12:00:00+00:00,1800.2,1810.79,1774.11,1789.7,28975.20335583
2026-07-10 16:00:00+00:00,1789.61,1798.44,1779.48,1791.12,20708.65988101
2026-07-10 20:00:00+00:00,1791.4,1797.04,1788.17,1795.74,8324.83150869
2026-07-11 00:00:00+00:00,1795.73,1797.87,1785.25,1795.19,4440.10881833
2026-07-11 04:00:00+00:00,1795.18,1802.07,1793.44,1798.68,4175.53396487
2026-07-11 08:00:00+00:00,1798.66,1802.2,1793.4,1798.94,3033.12774137
2026-07-11 12:00:00+00:00,1798.95,1826.1,1796.81,1813.51,11755.91048192
2026-07-11 16:00:00+00:00,1813.51,1829.25,1809.49,1823.41,16796.76624138
2026-07-11 20:00:00+00:00,1823.4,1828.09,1785.35,1786.81,11670.70351514
2026-07-12 00:00:00+00:00,1786.81,1812.49,1778.55,1810.43,13353.93206071
2026-07-12 04:00:00+00:00,1810.43,1811.41,1788.34,1797.7,4669.38965035
2026-07-12 08:00:00+00:00,1797.69,1807.84,1795.28,1802.65,3662.37629625
2026-07-12 12:00:00+00:00,1802.64,1825.46,1801.89,1819.96,5323.43368303
2026-07-12 16:00:00+00:00,1819.96,1823.23,1814.07,1820.39,4775.34706789
2026-07-12 20:00:00+00:00,1820.39,1823.2,1795.19,1805.51,7863.20025938
2026-07-13 00:00:00+00:00,1805.56,1844.67,1773.83,1779.16,23301.01147236
2026-07-13 04:00:00+00:00,1779.23,1789.78,1772.59,1785.98,14412.68802218
2026-07-13 08:00:00+00:00,1786.0,1792.08,1775.51,1779.2,11229.83989691
2026-07-13 12:00:00+00:00,1779.2,1785.23,1760.97,1775.39,30033.16931653
2026-07-13 16:00:00+00:00,1775.39,1779.39,1748.05,1772.97,17689.43945709
2026-07-13 20:00:00+00:00,1773.1,1775.8,1751.11,1774.57,9622.02155661
2026-07-14 00:00:00+00:00,1774.57,1792.62,1771.36,1781.6,13774.56928901
2026-07-14 04:00:00+00:00,1781.62,1791.24,1776.94,1778.59,10237.60654573
2026-07-14 08:00:00+00:00,1778.59,1802.88,1776.51,1796.5,12731.98010684
2026-07-14 12:00:00+00:00,1796.5,1888.34,1792.38,1873.71,65210.66001714
2026-07-14 16:00:00+00:00,1873.8,1880.45,1859.51,1875.94,20356.71112576
2026-07-14 20:00:00+00:00,1875.94,1895.61,1870.92,1890.63,15899.94953125
2026-07-15 00:00:00+00:00,1890.72,1892.06,1863.18,1874.94,10981.28024509
2026-07-15 04:00:00+00:00,1874.82,1890.72,1863.05,1868.77,8306.29059164
2026-07-15 08:00:00+00:00,1868.78,1885.42,1868.78,1883.09,10075.66924264
2026-07-15 12:00:00+00:00,1882.98,1944.82,1877.66,1930.0,37297.4393329
2026-07-15 16:00:00+00:00,1930.01,1935.49,1902.44,1922.68,27166.53589896
2026-07-15 20:00:00+00:00,1922.6,1929.78,1913.35,1916.76,10543.44572121
2026-07-16 00:00:00+00:00,1916.75,1927.74,1906.86,1917.48,8296.64961891
2026-07-16 04:00:00+00:00,1917.47,1928.2,1903.68,1908.88,8625.86691609
2026-07-16 08:00:00+00:00,1908.88,1911.32,1874.12,1883.78,22694.39288226
2026-07-16 12:00:00+00:00,1883.76,1892.6,1865.37,1880.3,20636.95178499
2026-07-16 16:00:00+00:00,1880.34,1881.66,1861.52,1874.1,21960.96755934
2026-07-16 20:00:00+00:00,1874.0,1880.0,1855.79,1863.17,11036.48219781
2026-07-17 00:00:00+00:00,1863.16,1869.36,1841.35,1850.91,11201.46914902
2026-07-17 04:00:00+00:00,1850.9,1851.19,1819.14,1826.51,13300.80178444
2026-07-17 08:00:00+00:00,1826.52,1841.4,1819.19,1837.42,7718.80392153
2026-07-17 12:00:00+00:00,1837.42,1838.54,1800.82,1829.36,24299.61689602
2026-07-17 16:00:00+00:00,1829.44,1855.26,1824.92,1842.61,27144.46847774
2026-07-17 20:00:00+00:00,1842.38,1845.66,1833.97,1840.94,8009.85167627
2026-07-18 00:00:00+00:00,1840.92,1845.71,1838.3,1844.81,3883.55965924
2026-07-18 04:00:00+00:00,1844.9,1848.55,1841.23,1843.03,5508.09105409
2026-07-18 08:00:00+00:00,1842.97,1848.11,1841.2,1844.17,5443.44546672
2026-07-18 12:00:00+00:00,1844.16,1849.09,1835.91,1842.5,5401.6362960900005
2026-07-18 16:00:00+00:00,1842.49,1865.01,1840.11,1857.24,9008.95270845
2026-07-18 20:00:00+00:00,1857.25,1864.33,1854.22,1861.54,7114.146396759999
2026-07-19 00:00:00+00:00,1861.61,1876.28,1856.96,1866.06,7519.05867382
2026-07-19 04:00:00+00:00,1866.0,1870.64,1863.07,1868.65,2616.38408438
2026-07-19 08:00:00+00:00,1868.76,1877.67,1862.88,1870.05,5273.36093788
2026-07-19 12:00:00+00:00,1869.96,1877.46,1863.25,1869.66,6992.07244943
2026-07-19 16:00:00+00:00,1869.6,1872.4,1850.3,1860.92,13865.1579594
2026-07-19 20:00:00+00:00,1860.92,1875.84,1855.8,1870.89,11709.5520144
2026-07-20 00:00:00+00:00,1870.99,1890.2,1860.95,1878.37,14262.98516772
2026-07-20 04:00:00+00:00,1878.37,1878.5,1841.52,1862.38,11052.36819726
2026-07-20 08:00:00+00:00,1862.34,1895.06,1852.05,1891.56,15620.60918816
2026-07-20 12:00:00+00:00,1891.63,1903.46,1851.61,1900.98,34000.01372809
2026-07-20 16:00:00+00:00,1900.99,1917.43,1888.38,1897.4,32720.54772992
2026-07-20 20:00:00+00:00,1897.41,1906.32,1892.9,1903.52,12416.50282186
2026-07-21 00:00:00+00:00,1903.53,1927.25,1899.56,1925.46,14591.49157263
2026-07-21 04:00:00+00:00,1925.46,1939.08,1920.69,1932.84,9660.95024055
2026-07-21 08:00:00+00:00,1932.77,1952.0,1925.04,1934.75,18027.76589745
2026-07-21 12:00:00+00:00,1934.76,1944.18,1918.62,1930.76,32738.85464662
2026-07-21 16:00:00+00:00,1930.7,1934.61,1913.09,1922.43,21986.87577715
2026-07-21 20:00:00+00:00,1922.3,1930.5,1915.59,1929.0,9879.57672214
2026-07-22 00:00:00+00:00,1929.11,1943.08,1925.29,1927.2,10320.14560251
2026-07-22 04:00:00+00:00,1927.2,1938.06,1909.27,1912.88,11505.2331768
2026-07-22 08:00:00+00:00,1913.04,1932.7,1912.51,1926.16,7675.049211
2026-07-22 12:00:00+00:00,1926.17,1954.66,1911.56,1942.07,35455.83108665
2026-07-22 16:00:00+00:00,1942.06,1955.87,1920.05,1923.98,28557.27879236
2026-07-22 20:00:00+00:00,1923.92,1938.9,1921.71,1933.54,12318.59211688
2026-07-23 00:00:00+00:00,1933.56,1940.67,1916.74,1919.53,10930.0787961
2026-07-23 04:00:00+00:00,1919.53,1927.25,1910.91,1914.2,9295.67455076
2026-07-23 08:00:00+00:00,1914.2,1930.82,1913.1,1925.26,13321.01144208
2026-07-23 12:00:00+00:00,1925.07,1927.27,1881.6,1893.82,31456.57841535
2026-07-23 16:00:00+00:00,1893.97,1894.02,1867.06,1874.13,23413.05274978
2026-07-23 20:00:00+00:00,1873.86,1887.6,1872.62,1876.91,10924.13757198
2026-07-24 00:00:00+00:00,1877.04,1879.66,1858.43,1879.19,15859.75755102
2026-07-24 04:00:00+00:00,1879.21,1908.26,1872.0,1894.66,9961.17696055
2026-07-24 08:00:00+00:00,1894.72,1894.89,1874.82,1882.45,6565.90924809
2026-07-24 12:00:00+00:00,1882.44,1884.43,1845.35,1860.04,32036.19493843
2026-07-24 16:00:00+00:00,1860.04,1865.08,1851.4,1861.75,13982.20503665
2026-07-24 20:00:00+00:00,1861.85,1863.67,1854.7,1859.77,7786.76361041
2026-07-25 00:00:00+00:00,1859.77,1862.99,1854.02,1856.92,5191.4908182
2026-07-25 04:00:00+00:00,1856.91,1861.37,1852.93,1854.49,2354.15310091
2026-07-25 08:00:00+00:00,1854.48,1858.2,1849.26,1856.09,2786.66071373
2026-07-25 12:00:00+00:00,1856.08,1870.44,1855.1,1866.15,3415.11210866
2026-07-25 16:00:00+00:00,1866.21,1875.12,1862.76,1873.06,4011.75737317
2026-07-25 20:00:00+00:00,1873.01,1875.36,1865.9,1873.05,4250.22259181
2026-07-26 00:00:00+00:00,1873.01,1882.4,1872.16,1880.6,2288.1777658
2026-07-26 04:00:00+00:00,1880.6,1887.59,1876.8,1879.85,2685.61671182
2026-07-26 08:00:00+00:00,1879.87,1886.09,1877.46,1884.23,1598.60318781
2026-07-26 12:00:00+00:00,1884.24,1915.83,1880.32,1913.31,8464.21563065
2026-07-26 16:00:00+00:00,1913.17,1926.12,1907.15,1912.5,7138.80248865
2026-07-26 20:00:00+00:00,1912.55,1965.01,1909.69,1952.93,16431.75517504
2026-07-27 00:00:00+00:00,1953.12,1953.59,1934.32,1948.02,13150.65853048
2026-07-27 04:00:00+00:00,1948.08,1979.0,1946.89,1963.0,11667.94401541
2026-07-27 08:00:00+00:00,1963.02,1970.57,1955.17,1957.89,13418.15635139
2026-07-27 12:00:00+00:00,1957.89,1976.58,1917.07,1925.32,35300.28740241
2026-07-27 16:00:00+00:00,1925.36,1953.69,1920.3,1946.41,15129.15231921
2026-07-27 20:00:00+00:00,1946.6,1948.79,1880.7,1890.67,16683.153293069998
2026-07-28 00:00:00+00:00,1890.69,1894.31,1864.87,1879.53,12955.39024757
2026-07-28 04:00:00+00:00,1879.52,1887.61,1874.65,1881.88,5462.09040724
2026-07-28 08:00:00+00:00,1881.87,1883.66,1869.47,1874.61,8735.759609069999
2026-07-28 12:00:00+00:00,1874.88,1922.29,1854.52,1918.22,39806.29921063
2026-07-28 16:00:00+00:00,1918.2,1927.1,1891.1,1920.36,22115.40182392
2026-07-28 20:00:00+00:00,1920.17,1927.0,1901.92,1919.9,12371.07368322
2026-07-29 00:00:00+00:00,1919.99,1926.52,1888.31,1890.16,8945.8137708
2026-07-29 04:00:00+00:00,1890.1,1923.21,1881.92,1922.97,10854.45622599
2026-07-29 08:00:00+00:00,1922.33,1922.99,1908.11,1913.01,8043.64080874
2026-07-29 12:00:00+00:00,1913.0,1913.12,1884.51,1889.41,18625.49839469
2026-07-29 16:00:00+00:00,1889.44,1932.72,1881.72,1886.04,27981.59010158
2026-07-29 20:00:00+00:00,1886.52,1911.2,1871.84,1908.48,14001.36140134
2026-07-30 00:00:00+00:00,1908.3,1919.0,1890.89,1907.54,11365.66029629
2026-07-30 04:00:00+00:00,1907.54,1908.51,1896.83,1900.48,5304.6356155700005
2026-07-30 08:00:00+00:00,1900.57,1923.75,1897.91,1920.55,10147.6973785
2026-07-30 12:00:00+00:00,1920.6,1935.31,1911.3,1916.7,14509.32467832
2026-07-30 16:00:00+00:00,1916.77,1927.66,1912.76,1922.29,12141.4918362
2026-07-30 20:00:00+00:00,1922.0,1935.34,1914.37,1916.82,12161.21899918
2026-07-31 00:00:00+00:00,1916.82,1934.67,1897.07,1906.81,13573.37714767
2026-07-31 04:00:00+00:00,1906.9,1909.61,1882.59,1888.09,7478.11064027
2026-07-31 08:00:00+00:00,1888.08,1891.44,1875.87,1882.6,9462.64961569
2026-07-31 12:00:00+00:00,1882.49,1888.79,1845.8,1860.51,38152.58646032
2026-07-31 16:00:00+00:00,1860.5,1876.41,1858.71,1866.44,14927.40979294
2026-07-31 20:00:00+00:00,1866.52,1868.72,1856.7,1860.66,7297.5473313
2026-08-01 00:00:00+00:00,1860.8,1868.2,1860.41,1868.08,3923.22605218
2026-08-01 04:00:00+00:00,1868.1,1870.1,1863.41,1867.68,2451.30135942
2026-08-01 08:00:00+00:00,1867.79,1869.07,1861.07,1865.19,3776.68365847
2026-08-01 12:00:00+00:00,1865.19,1873.8,1865.08,1868.26,4108.17057656
2026-08-01 16:00:00+00:00,1868.26,1871.78,1820.14,1835.55,13340.62853095
2026-08-01 20:00:00+00:00,1835.52,1847.5,1831.3,1843.18,9023.0859697
2026-08-02 00:00:00+00:00,1843.24,1883.75,1842.0,1875.51,8986.67298502
2026-08-02 04:00:00+00:00,1875.6,1880.8,1873.1,1874.1,4609.40873266
2026-08-02 08:00:00+00:00,1874.1,1877.0,1847.33,1850.8,4093.52981529
2026-08-02 12:00:00+00:00,1850.8,1860.87,1849.13,1857.0,4639.50061987
2026-08-02 16:00:00+00:00,1857.01,1885.1,1853.96,1880.06,6345.78818263
2026-08-02 20:00:00+00:00,1880.06,1896.6,1874.3,1883.35,8561.99047579
2026-08-03 00:00:00+00:00,1883.34,1883.97,1849.07,1854.74,6392.69658167
2026-08-03 04:00:00+00:00,1854.6,1860.7,1837.98,1841.56,5713.64076082
2026-08-03 08:00:00+00:00,1841.6,1852.15,1826.31,1837.4,6594.59273492
2026-08-03 12:00:00+00:00,1837.33,1872.35,1834.1,1861.11,18919.15046592
2026-08-03 16:00:00+00:00,1861.25,1875.15,1859.8,1868.57,14974.60887657
2026-08-03 20:00:00+00:00,1868.66,1874.51,1850.51,1858.95,7035.77500702
2026-08-04 00:00:00+00:00,1858.96,1872.47,1846.73,1862.46,7170.961482459999
2026-08-04 04:00:00+00:00,1862.46,1873.13,1851.42,1862.01,6137.30146793
2026-08-04 08:00:00+00:00,1862.01,1872.89,1850.51,1870.83,7557.7888139
2026-08-04 12:00:00+00:00,1870.82,1880.14,1856.15,1871.4,21495.35932384
2026-08-04 16:00:00+00:00,1871.41,1881.34,1863.9,1873.91,17114.23607582
2026-08-04 20:00:00+00:00,1873.9,1880.0,1864.96,1868.39,8611.271002290001
2026-08-05 00:00:00+00:00,1868.38,1876.5,1859.79,1866.14,8140.08201442
2026-08-05 04:00:00+00:00,1866.14,1875.91,1861.72,1870.61,5896.65590912
2026-08-05 08:00:00+00:00,1870.61,1874.88,1863.98,1867.11,4348.87763444
2026-08-05 12:00:00+00:00,1867.11,1883.67,1853.72,1872.41,19663.55470629
2026-08-05 16:00:00+00:00,1872.22,1926.34,1871.66,1914.72,33501.33533598
2026-08-05 20:00:00+00:00,1915.32,1922.61,1902.24,1907.01,2995.93693596
2026-08-06 00:00:00+00:00,1907.18,1911.6,1893.06,1897.02,1141.35744494
2026-08-06 04:00:00+00:00,1897.04,1917.53,1894.0,1907.52,1756.78927337
2026-08-06 08:00:00+00:00,1907.28,1918.0,1895.3,1905.59,1708.50825799
2026-08-06 12:00:00+00:00,1905.59,1917.58,1890.72,1909.28,6400.27183312
2026-08-06 16:00:00+00:00,1909.28,1916.42,1902.07,1908.12,1804.86016504
2026-08-06 20:00:00+00:00,1908.12,1909.0,1897.16,1902.26,912.32693244
2026-08-07 00:00:00+00:00,1902.02,1906.13,1895.01,1895.41,1028.85393366
2026-08-07 04:00:00+00:00,1895.61,1905.72,1891.39,1901.27,1553.61871936
2026-08-07 08:00:00+00:00,1901.01,1919.3,1901.0,1914.74,1333.68589263
2026-08-07 12:00:00+00:00,1914.71,1940.0,1909.81,1916.06,3210.83775624
2026-08-07 16:00:00+00:00,1916.06,1923.28,1904.29,1917.92,2340.61137017
2026-08-07 20:00:00+00:00,1917.91,1920.68,1911.35,1913.0,1314.7137243
2026-08-08 00:00:00+00:00,1913.01,1917.96,1911.29,1917.33,349.29051752
2026-08-08 04:00:00+00:00,1917.33,1918.1,1913.3,1914.16,412.80750188
2026-08-08 08:00:00+00:00,1914.17,1922.2,1913.6,1919.65,1136.5632493
2026-08-08 12:00:00+00:00,1919.65,1924.85,1917.32,1921.33,1444.30290492
2026-08-08 16:00:00+00:00,1921.35,1924.66,1918.46,1918.98,616.49440674
2026-08-08 20:00:00+00:00,1918.94,1920.41,1913.31,1915.15,1654.89406074
2026-08-09 00:00:00+00:00,1915.11,1918.05,1911.27,1912.42,681.30601097
2026-08-09 04:00:00+00:00,1912.42,1917.86,1911.22,1917.43,271.48110846
2026-08-09 08:00:00+00:00,1917.44,1922.85,1912.1,1917.71,1153.20730295
2026-08-09 12:00:00+00:00,1917.71,1925.5,1914.57,1925.39,1588.96931022
2026-08-09 16:00:00+00:00,1925.4,1925.4,1918.92,1920.51,530.95267663
2026-08-09 20:00:00+00:00,1920.44,1935.85,1906.16,1908.63,3303.12234509
2026-08-10 00:00:00+00:00,1908.99,1928.87,1904.05,1915.12,1353.34413094
2026-08-10 04:00:00+00:00,1915.82,1929.19,1911.05,1923.7,904.61278753
2026-08-10 08:00:00+00:00,1923.82,1928.0,1913.64,1918.75,1919.17184038
2026-08-10 12:00:00+00:00,1918.75,1921.56,1870.0,1875.59,5698.50312403
